cdc_start_lsn,cdc_seqval,cdc_operation,cdc_update_mask,cdc_commit_ts,inspection_id,production_log_id,machine_id,product_id,inspection_ts,sample_size,defect_count,defect_code,inspection_result,inspector_id,modified_at
0x0000002A000001F87ED1,0x00000000000000000000,2,0xFF,2026-09-25 11:46:30,500037,100037,M-P01-01,PRD-1006,2026-09-25 11:46:00,50,1,BURR,PASS,QI-12,2026-09-25 11:46:30
0x0000002A000001F87F05,0x00000000000000000001,2,0xFF,2026-09-25 19:43:30,500038,100038,M-P01-01,PRD-1006,2026-09-25 19:43:00,25,0,,PASS,QI-30,2026-09-25 19:43:30
0x0000002A000001F87FF8,0x00000000000000000002,2,0xFF,2026-09-26 04:46:30,500039,100039,M-P01-01,PRD-1003,2026-09-26 04:46:00,50,1,POROSITY,PASS,QI-23,2026-09-26 04:46:30
0x0000002A000001F8816C,0x00000000000000000003,2,0xFF,2026-09-25 12:11:30,500040,100040,M-P01-02,PRD-1006,2026-09-25 12:11:00,50,0,,PASS,QI-11,2026-09-25 12:11:30
0x0000002A000001F88218,0x00000000000000000004,2,0xFF,2026-09-25 19:23:30,500041,100041,M-P01-02,PRD-1005,2026-09-25 19:23:00,25,0,,PASS,QI-14,2026-09-25 19:23:30
0x0000002A000001F882EC,0x00000000000000000005,2,0xFF,2026-09-26 05:23:30,500042,100042,M-P01-02,PRD-1003,2026-09-26 05:23:00,25,0,,PASS,QI-10,2026-09-26 05:23:30
0x0000002A000001F88461,0x00000000000000000006,2,0xFF,2026-09-25 12:58:30,500043,100043,M-P01-03,PRD-1006,2026-09-25 12:58:00,50,0,,PASS,QI-24,2026-09-25 12:58:30
0x0000002A000001F8862A,0x00000000000000000007,2,0xFF,2026-09-25 20:13:30,500044,100044,M-P01-03,PRD-1001,2026-09-25 20:13:00,50,2,POROSITY,FAIL,QI-17,2026-09-25 20:13:30
0x0000002A000001F8873B,0x00000000000000000008,2,0xFF,2026-09-26 05:00:30,500045,100045,M-P01-03,PRD-1001,2026-09-26 05:00:00,20,4,BURR,FAIL,QI-22,2026-09-26 05:00:30
0x0000002A000001F88836,0x00000000000000000009,2,0xFF,2026-09-25 11:46:30,500046,100046,M-P01-04,PRD-1006,2026-09-25 11:46:00,25,1,CRACK,PASS,QI-19,2026-09-25 11:46:30
0x0000002A000001F8884F,0x0000000000000000000A,2,0xFF,2026-09-25 20:42:30,500047,100047,M-P01-04,PRD-1005,2026-09-25 20:42:00,50,0,,PASS,QI-11,2026-09-25 20:42:30
0x0000002A000001F889AB,0x0000000000000000000B,2,0xFF,2026-09-26 03:56:30,500048,100048,M-P01-04,PRD-1005,2026-09-26 03:56:00,50,4,BURR,FAIL,QI-28,2026-09-26 03:56:30
0x0000002A000001F88A9E,0x0000000000000000000C,2,0xFF,2026-09-25 13:16:30,500049,100049,M-P02-01,PRD-1002,2026-09-25 13:16:00,25,0,,PASS,QI-24,2026-09-25 13:16:30
0x0000002A000001F88C1B,0x0000000000000000000D,2,0xFF,2026-09-25 21:45:30,500050,100050,M-P02-01,PRD-1002,2026-09-25 21:45:00,20,4,WELD_SPATTER,FAIL,QI-13,2026-09-25 21:45:30
0x0000002A000001F88D2A,0x0000000000000000000E,2,0xFF,2026-09-26 04:11:30,500051,100051,M-P02-01,PRD-1001,2026-09-26 04:11:00,20,0,,PASS,QI-12,2026-09-26 04:11:30
0x0000002A000001F88E6F,0x0000000000000000000F,2,0xFF,2026-09-25 12:45:30,500052,100052,M-P02-02,PRD-1007,2026-09-25 12:45:00,50,0,,PASS,QI-19,2026-09-25 12:45:30
0x0000002A000001F88F88,0x00000000000000000010,2,0xFF,2026-09-25 21:02:30,500053,100053,M-P02-02,PRD-1001,2026-09-25 21:02:00,25,0,,PASS,QI-29,2026-09-25 21:02:30
0x0000002A000001F89019,0x00000000000000000011,2,0xFF,2026-09-26 04:02:30,500054,100054,M-P02-02,PRD-1003,2026-09-26 04:02:00,20,0,,PASS,QI-28,2026-09-26 04:02:30
0x0000002A000001F8908C,0x00000000000000000012,2,0xFF,2026-09-25 11:46:30,500055,100055,M-P02-03,PRD-1001,2026-09-25 11:46:00,50,0,,PASS,QI-12,2026-09-25 11:46:30
0x0000002A000001F89245,0x00000000000000000013,2,0xFF,2026-09-25 20:46:30,500056,100056,M-P02-03,PRD-1008,2026-09-25 20:46:00,25,0,,PASS,QI-24,2026-09-25 20:46:30
0x0000002A000001F89356,0x00000000000000000014,2,0xFF,2026-09-26 04:42:30,500057,100057,M-P02-03,PRD-1006,2026-09-26 04:42:00,25,4,SCRATCH,FAIL,QI-16,2026-09-26 04:42:30
0x0000002A000001F894CE,0x00000000000000000015,2,0xFF,2026-09-25 13:08:30,500058,100058,M-P02-04,PRD-1006,2026-09-25 13:08:00,25,4,WELD_SPATTER,FAIL,QI-26,2026-09-25 13:08:30
0x0000002A000001F89657,0x00000000000000000016,2,0xFF,2026-09-25 20:01:30,500059,100059,M-P02-04,PRD-1005,2026-09-25 20:01:00,25,2,CRACK,FAIL,QI-13,2026-09-25 20:01:30
0x0000002A000001F8970B,0x00000000000000000017,2,0xFF,2026-09-26 04:14:30,500060,100060,M-P02-04,PRD-1006,2026-09-26 04:14:00,50,0,,PASS,QI-19,2026-09-26 04:14:30
0x0000002A000001F8974E,0x00000000000000000018,2,0xFF,2026-09-25 12:40:30,500061,100061,M-P03-01,PRD-1007,2026-09-25 12:40:00,25,0,,PASS,QI-13,2026-09-25 12:40:30
0x0000002A000001F897A6,0x00000000000000000019,2,0xFF,2026-09-25 20:54:30,500062,100062,M-P03-01,PRD-1003,2026-09-25 20:54:00,25,4,BURR,FAIL,QI-19,2026-09-25 20:54:30
0x0000002A000001F898C0,0x0000000000000000001A,2,0xFF,2026-09-26 04:53:30,500063,100063,M-P03-01,PRD-1006,2026-09-26 04:53:00,25,1,DIMENSION_OOT,PASS,QI-13,2026-09-26 04:53:30
0x0000002A000001F89A44,0x0000000000000000001B,2,0xFF,2026-09-25 12:55:30,500064,100064,M-P03-02,PRD-1007,2026-09-25 12:55:00,20,2,SCRATCH,FAIL,QI-11,2026-09-25 12:55:30
0x0000002A000001F89B6A,0x0000000000000000001C,2,0xFF,2026-09-25 20:20:30,500065,100065,M-P03-02,PRD-1006,2026-09-25 20:20:00,20,0,,PASS,QI-26,2026-09-25 20:20:30
0x0000002A000001F89D29,0x0000000000000000001D,2,0xFF,2026-09-26 03:20:30,500066,100066,M-P03-02,PRD-1004,2026-09-26 03:20:00,20,0,,PASS,QI-15,2026-09-26 03:20:30
0x0000002A000001F89DC5,0x0000000000000000001E,2,0xFF,2026-09-25 13:47:30,500067,100067,M-P03-03,PRD-1007,2026-09-25 13:47:00,50,0,,PASS,QI-17,2026-09-25 13:47:30
0x0000002A000001F89E10,0x0000000000000000001F,2,0xFF,2026-09-25 19:57:30,500068,100068,M-P03-03,PRD-1004,2026-09-25 19:57:00,25,2,BURR,FAIL,QI-26,2026-09-25 19:57:30
0x0000002A000001F89FCE,0x00000000000000000020,2,0xFF,2026-09-26 04:12:30,500069,100069,M-P03-03,PRD-1006,2026-09-26 04:12:00,20,4,CRACK,FAIL,QI-29,2026-09-26 04:12:30
0x0000002A000001F8A0D8,0x00000000000000000021,2,0xFF,2026-09-25 12:10:30,500070,100070,M-P03-04,PRD-1005,2026-09-25 12:10:00,50,4,WELD_SPATTER,FAIL,QI-24,2026-09-25 12:10:30
0x0000002A000001F8A193,0x00000000000000000022,2,0xFF,2026-09-25 19:31:30,500071,100071,M-P03-04,PRD-1003,2026-09-25 19:31:00,20,0,,PASS,QI-27,2026-09-25 19:31:30
0x0000002A000001F8A290,0x00000000000000000023,2,0xFF,2026-09-26 04:33:30,500072,100072,M-P03-04,PRD-1008,2026-09-26 04:33:00,25,0,,PASS,QI-21,2026-09-26 04:33:30
0x0000002A000001F8A3CB,0x000000000000000003B6,4,0xEE,2026-09-25 09:00:00,500005,100005,M-P01-02,PRD-1007,2026-09-24 20:33:00,20,0,,PASS,QI-17,2026-09-25 09:00:00
