cdc_start_lsn,cdc_seqval,cdc_operation,cdc_update_mask,cdc_commit_ts,production_log_id,order_id,machine_id,product_id,shift_code,start_ts,end_ts,units_produced,units_scrapped,operator_id,modified_at
0x0000002A000001F82B7F,0x00000000000000000000,2,0xFF,2026-09-25 11:46:30,100037,PO-20260925-P01-1006,M-P01-01,PRD-1006,A,2026-09-25 06:30:00,2026-09-25 11:46:00,264,0,OP-143,2026-09-25 11:46:30
0x0000002A000001F82CF4,0x00000000000000000001,2,0xFF,2026-09-25 19:43:30,100038,PO-20260925-P01-1006,M-P01-01,PRD-1006,B,2026-09-25 14:40:00,2026-09-25 19:43:00,246,3,OP-103,2026-09-25 19:43:30
0x0000002A000001F82D3A,0x00000000000000000002,2,0xFF,2026-09-26 04:46:30,100039,PO-20260925-P01-1003,M-P01-01,PRD-1003,C,2026-09-25 22:24:00,2026-09-26 04:46:00,990,49,OP-112,2026-09-26 04:46:30
0x0000002A000001F82E19,0x00000000000000000003,2,0xFF,2026-09-25 12:11:30,100040,PO-20260925-P01-1006,M-P01-02,PRD-1006,A,2026-09-25 06:39:00,2026-09-25 12:11:00,298,16,OP-109,2026-09-25 12:11:30
0x0000002A000001F82FA4,0x00000000000000000004,2,0xFF,2026-09-25 19:23:30,100041,PO-20260925-P01-1005,M-P01-02,PRD-1005,B,2026-09-25 14:20:00,2026-09-25 19:23:00,960,9,OP-148,2026-09-25 19:23:30
0x0000002A000001F83013,0x00000000000000000005,2,0xFF,2026-09-26 05:23:30,100042,PO-20260925-P01-1003,M-P01-02,PRD-1003,C,2026-09-25 22:18:00,2026-09-26 05:23:00,1062,30,OP-153,2026-09-26 05:23:30
0x0000002A000001F831AD,0x00000000000000000006,2,0xFF,2026-09-25 12:58:30,100043,PO-20260925-P01-1006,M-P01-03,PRD-1006,A,2026-09-25 06:16:00,2026-09-25 12:58:00,356,4,OP-113,2026-09-25 12:58:30
0x0000002A000001F831C8,0x00000000000000000007,2,0xFF,2026-09-25 20:13:30,100044,PO-20260925-P01-1001,M-P01-03,PRD-1001,B,2026-09-25 14:00:00,2026-09-25 20:13:00,435,22,OP-130,2026-09-25 20:13:30
0x0000002A000001F83359,0x00000000000000000008,2,0xFF,2026-09-26 05:00:30,100045,PO-20260925-P01-1001,M-P01-03,PRD-1001,C,2026-09-25 22:18:00,2026-09-26 05:00:00,453,18,OP-103,2026-09-26 05:00:30
0x0000002A000001F834F9,0x00000000000000000009,2,0xFF,2026-09-25 11:46:30,100046,PO-20260925-P01-1006,M-P01-04,PRD-1006,A,2026-09-25 06:14:00,2026-09-25 11:46:00,313,6,OP-113,2026-09-25 11:46:30
0x0000002A000001F83597,0x0000000000000000000A,2,0xFF,2026-09-25 20:42:30,100047,PO-20260925-P01-1005,M-P01-04,PRD-1005,B,2026-09-25 14:23:00,2026-09-25 20:42:00,1382,32,OP-139,2026-09-25 20:42:30
0x0000002A000001F83744,0x0000000000000000000B,2,0xFF,2026-09-26 03:56:30,100048,PO-20260925-P01-1005,M-P01-04,PRD-1005,C,2026-09-25 22:20:00,2026-09-26 03:56:00,1266,73,OP-144,2026-09-26 03:56:30
0x0000002A000001F8382F,0x0000000000000000000C,2,0xFF,2026-09-25 13:16:30,100049,PO-20260925-P02-1002,M-P02-01,PRD-1002,A,2026-09-25 06:34:00,2026-09-25 13:16:00,711,16,OP-134,2026-09-25 13:16:30
0x0000002A000001F83970,0x0000000000000000000D,2,0xFF,2026-09-25 21:45:30,100050,PO-20260925-P02-1002,M-P02-01,PRD-1002,B,2026-09-25 14:37:00,2026-09-25 21:45:00,640,25,OP-110,2026-09-25 21:45:30
0x0000002A000001F83B10,0x0000000000000000000E,2,0xFF,2026-09-26 04:11:30,100051,PO-20260925-P02-1001,M-P02-01,PRD-1001,C,2026-09-25 22:29:00,2026-09-26 04:11:00,366,14,OP-128,2026-09-26 04:11:30
0x0000002A000001F83CD2,0x0000000000000000000F,2,0xFF,2026-09-25 12:45:30,100052,PO-20260925-P02-1007,M-P02-02,PRD-1007,A,2026-09-25 06:37:00,2026-09-25 12:45:00,856,29,OP-105,2026-09-25 12:45:30
0x0000002A000001F83CFF,0x00000000000000000010,2,0xFF,2026-09-25 21:02:30,100053,PO-20260925-P02-1001,M-P02-02,PRD-1001,B,2026-09-25 14:37:00,2026-09-25 21:02:00,435,1,OP-115,2026-09-25 21:02:30
0x0000002A000001F83EC4,0x00000000000000000011,2,0xFF,2026-09-26 04:02:30,100054,PO-20260925-P02-1003,M-P02-02,PRD-1003,C,2026-09-25 22:10:00,2026-09-26 04:02:00,980,17,OP-108,2026-09-26 04:02:30
0x0000002A000001F83FB2,0x00000000000000000012,2,0xFF,2026-09-25 11:46:30,100055,PO-20260925-P02-1001,M-P02-03,PRD-1001,A,2026-09-25 06:04:00,2026-09-25 11:46:00,437,20,OP-110,2026-09-25 11:46:30
0x0000002A000001F84009,0x00000000000000000013,2,0xFF,2026-09-25 20:46:30,100056,PO-20260925-P02-1008,M-P02-03,PRD-1008,B,2026-09-25 14:30:00,2026-09-25 20:46:00,364,6,OP-152,2026-09-25 20:46:30
0x0000002A000001F84067,0x00000000000000000014,2,0xFF,2026-09-26 04:42:30,100057,PO-20260925-P02-1006,M-P02-03,PRD-1006,C,2026-09-25 22:26:00,2026-09-26 04:42:00,342,17,OP-124,2026-09-26 04:42:30
0x0000002A000001F841D0,0x00000000000000000015,2,0xFF,2026-09-25 13:08:30,100058,PO-20260925-P02-1006,M-P02-04,PRD-1006,A,2026-09-25 06:07:00,2026-09-25 13:08:00,392,4,OP-118,2026-09-25 13:08:30
0x0000002A000001F84277,0x00000000000000000016,2,0xFF,2026-09-25 20:01:30,100059,PO-20260925-P02-1005,M-P02-04,PRD-1005,B,2026-09-25 14:01:00,2026-09-25 20:01:00,1353,41,OP-151,2026-09-25 20:01:30
0x0000002A000001F843CB,0x00000000000000000017,2,0xFF,2026-09-26 04:14:30,100060,PO-20260925-P02-1006,M-P02-04,PRD-1006,C,2026-09-25 22:29:00,2026-09-26 04:14:00,273,9,OP-115,2026-09-26 04:14:30
0x0000002A000001F84448,0x00000000000000000018,2,0xFF,2026-09-25 12:40:30,100061,PO-20260925-P03-1007,M-P03-01,PRD-1007,A,2026-09-25 06:23:00,2026-09-25 12:40:00,778,6,OP-132,2026-09-25 12:40:30
0x0000002A000001F84646,0x00000000000000000019,2,0xFF,2026-09-25 20:54:30,100062,PO-20260925-P03-1003,M-P03-01,PRD-1003,B,2026-09-25 14:18:00,2026-09-25 20:54:00,890,2,OP-107,2026-09-25 20:54:30
0x0000002A000001F84691,0x0000000000000000001A,2,0xFF,2026-09-26 04:53:30,100063,PO-20260925-P03-1006,M-P03-01,PRD-1006,C,2026-09-25 22:27:00,2026-09-26 04:53:00,284,5,OP-127,2026-09-26 04:53:30
0x0000002A000001F847E2,0x0000000000000000001B,2,0xFF,2026-09-25 12:55:30,100064,PO-20260925-P03-1007,M-P03-02,PRD-1007,A,2026-09-25 06:32:00,2026-09-25 12:55:00,886,15,OP-143,2026-09-25 12:55:30
0x0000002A000001F848AD,0x0000000000000000001C,2,0xFF,2026-09-25 20:20:30,100065,PO-20260925-P03-1006,M-P03-02,PRD-1006,B,2026-09-25 14:38:00,2026-09-25 20:20:00,287,10,OP-118,2026-09-25 20:20:30
0x0000002A000001F84A9E,0x0000000000000000001D,2,0xFF,2026-09-26 03:20:30,100066,PO-20260925-P03-1004,M-P03-02,PRD-1004,C,2026-09-25 22:16:00,2026-09-26 03:20:00,440,2,OP-140,2026-09-26 03:20:30
0x0000002A000001F84AE2,0x0000000000000000001E,2,0xFF,2026-09-25 13:47:30,100067,PO-20260925-P03-1007,M-P03-03,PRD-1007,A,2026-09-25 06:37:00,2026-09-25 13:47:00,990,9,OP-120,2026-09-25 13:47:30
0x0000002A000001F84AFF,0x0000000000000000001F,2,0xFF,2026-09-25 19:57:30,100068,PO-20260925-P03-1004,M-P03-03,PRD-1004,B,2026-09-25 14:32:00,2026-09-25 19:57:00,439,22,OP-130,2026-09-25 19:57:30
0x0000002A000001F84B67,0x00000000000000000020,2,0xFF,2026-09-26 04:12:30,100069,PO-20260925-P03-1006,M-P03-03,PRD-1006,C,2026-09-25 22:01:00,2026-09-26 04:12:00,347,16,OP-108,2026-09-26 04:12:30
0x0000002A000001F84C9D,0x00000000000000000021,2,0xFF,2026-09-25 12:10:30,100070,PO-20260925-P03-1005,M-P03-04,PRD-1005,A,2026-09-25 06:19:00,2026-09-25 12:10:00,1296,19,OP-141,2026-09-25 12:10:30
0x0000002A000001F84D2A,0x00000000000000000022,2,0xFF,2026-09-25 19:31:30,100071,PO-20260925-P03-1003,M-P03-04,PRD-1003,B,2026-09-25 14:02:00,2026-09-25 19:31:00,910,17,OP-134,2026-09-25 19:31:30
0x0000002A000001F84EE2,0x00000000000000000023,2,0xFF,2026-09-26 04:33:30,100072,PO-20260925-P03-1008,M-P03-04,PRD-1008,C,2026-09-25 22:30:00,2026-09-26 04:33:00,329,15,OP-160,2026-09-26 04:33:30
