ORDER_ID,PRODUCT_ID,PLANT_ID,PLANNED_QTY,PLANNED_START,PLANNED_END,ORDER_STATUS,LAST_UPDATE_DATE
PO-20260925-P01-1001,PRD-1001,P01,890,2026-09-25 06:00:00,2026-09-26 06:00:00,RELEASED,2026-09-24 18:00:00
PO-20260925-P01-1002,PRD-1002,P01,864,2026-09-25 06:00:00,2026-09-26 06:00:00,RELEASED,2026-09-24 18:00:01
PO-20260925-P01-1003,PRD-1003,P01,988,2026-09-25 06:00:00,2026-09-26 06:00:00,RELEASED,2026-09-24 18:00:02
PO-20260925-P01-1004,PRD-1004,P01,2134,2026-09-25 06:00:00,2026-09-26 06:00:00,RELEASED,2026-09-24 18:00:03
PO-20260925-P01-1005,PRD-1005,P01,2200,2026-09-25 06:00:00,2026-09-26 06:00:00,RELEASED,2026-09-24 18:00:04
PO-20260925-P01-1006,PRD-1006,P01,1373,2026-09-25 06:00:00,2026-09-26 06:00:00,RELEASED,2026-09-24 18:00:05
PO-20260925-P01-1007,PRD-1007,P01,820,2026-09-25 06:00:00,2026-09-26 06:00:00,RELEASED,2026-09-24 18:00:06
PO-20260925-P01-1008,PRD-1008,P01,724,2026-09-25 06:00:00,2026-09-26 06:00:00,RELEASED,2026-09-24 18:00:07
PO-20260925-P02-1001,PRD-1001,P02,1809,2026-09-25 06:00:00,2026-09-26 06:00:00,RELEASED,2026-09-24 18:00:08
PO-20260925-P02-1002,PRD-1002,P02,1330,2026-09-25 06:00:00,2026-09-26 06:00:00,RELEASED,2026-09-24 18:00:09
PO-20260925-P02-1003,PRD-1003,P02,1794,2026-09-25 06:00:00,2026-09-26 06:00:00,RELEASED,2026-09-24 18:00:10
PO-20260925-P02-1004,PRD-1004,P02,1740,2026-09-25 06:00:00,2026-09-26 06:00:00,RELEASED,2026-09-24 18:00:11
PO-20260925-P02-1005,PRD-1005,P02,2059,2026-09-25 06:00:00,2026-09-26 06:00:00,RELEASED,2026-09-24 18:00:12
PO-20260925-P02-1006,PRD-1006,P02,1469,2026-09-25 06:00:00,2026-09-26 06:00:00,RELEASED,2026-09-24 18:00:13
PO-20260925-P02-1007,PRD-1007,P02,2286,2026-09-25 06:00:00,2026-09-26 06:00:00,RELEASED,2026-09-24 18:00:14
PO-20260925-P02-1008,PRD-1008,P02,2268,2026-09-25 06:00:00,2026-09-26 06:00:00,RELEASED,2026-09-24 18:00:15
PO-20260925-P03-1001,PRD-1001,P03,464,2026-09-25 06:00:00,2026-09-26 06:00:00,RELEASED,2026-09-24 18:00:16
PO-20260925-P03-1002,PRD-1002,P03,946,2026-09-25 06:00:00,2026-09-26 06:00:00,RELEASED,2026-09-24 18:00:17
PO-20260925-P03-1003,PRD-1003,P03,2067,2026-09-25 06:00:00,2026-09-26 06:00:00,RELEASED,2026-09-24 18:00:18
PO-20260925-P03-1004,PRD-1004,P03,2141,2026-09-25 06:00:00,2026-09-26 06:00:00,RELEASED,2026-09-24 18:00:19
PO-20260925-P03-1005,PRD-1005,P03,563,2026-09-25 06:00:00,2026-09-26 06:00:00,RELEASED,2026-09-24 18:00:20
PO-20260925-P03-1006,PRD-1006,P03,627,2026-09-25 06:00:00,2026-09-26 06:00:00,RELEASED,2026-09-24 18:00:21
PO-20260925-P03-1007,PRD-1007,P03,2318,2026-09-25 06:00:00,2026-09-26 06:00:00,RELEASED,2026-09-24 18:00:22
PO-20260925-P03-1008,PRD-1008,P03,1465,2026-09-25 06:00:00,2026-09-26 06:00:00,RELEASED,2026-09-24 18:00:23
PO-20260924-P01-1001,PRD-1001,P01,481,2026-09-24 06:00:00,2026-09-25 06:00:00,COMPLETED,2026-09-25 01:00:00
PO-20260924-P01-1002,PRD-1002,P01,778,2026-09-24 06:00:00,2026-09-25 06:00:00,COMPLETED,2026-09-25 01:00:01
PO-20260924-P01-1003,PRD-1003,P01,1537,2026-09-24 06:00:00,2026-09-25 06:00:00,COMPLETED,2026-09-25 01:00:02
PO-20260924-P01-1004,PRD-1004,P01,441,2026-09-24 06:00:00,2026-09-25 06:00:00,COMPLETED,2026-09-25 01:00:03
PO-20260924-P01-1005,PRD-1005,P01,1271,2026-09-24 06:00:00,2026-09-25 06:00:00,COMPLETED,2026-09-25 01:00:04
PO-20260924-P01-1006,PRD-1006,P01,1100,2026-09-24 06:00:00,2026-09-25 06:00:00,COMPLETED,2026-09-25 01:00:05
PO-20260924-P01-1007,PRD-1007,P01,2163,2026-09-24 06:00:00,2026-09-25 06:00:00,COMPLETED,2026-09-25 01:00:06
PO-20260924-P01-1008,PRD-1008,P01,1385,2026-09-24 06:00:00,2026-09-25 06:00:00,COMPLETED,2026-09-25 01:00:07
PO-20260924-P02-1001,PRD-1001,P02,2366,2026-09-24 06:00:00,2026-09-25 06:00:00,COMPLETED,2026-09-25 01:00:08
PO-20260924-P02-1002,PRD-1002,P02,1465,2026-09-24 06:00:00,2026-09-25 06:00:00,COMPLETED,2026-09-25 01:00:09
PO-20260924-P02-1003,PRD-1003,P02,1603,2026-09-24 06:00:00,2026-09-25 06:00:00,COMPLETED,2026-09-25 01:00:10
PO-20260924-P02-1004,PRD-1004,P02,1565,2026-09-24 06:00:00,2026-09-25 06:00:00,COMPLETED,2026-09-25 01:00:11
PO-20260924-P02-1005,PRD-1005,P02,1779,2026-09-24 06:00:00,2026-09-25 06:00:00,COMPLETED,2026-09-25 01:00:12
PO-20260924-P02-1006,PRD-1006,P02,883,2026-09-24 06:00:00,2026-09-25 06:00:00,COMPLETED,2026-09-25 01:00:13
PO-20260924-P02-1007,PRD-1007,P02,1137,2026-09-24 06:00:00,2026-09-25 06:00:00,COMPLETED,2026-09-25 01:00:14
PO-20260924-P02-1008,PRD-1008,P02,1863,2026-09-24 06:00:00,2026-09-25 06:00:00,COMPLETED,2026-09-25 01:00:15
PO-20260924-P03-1001,PRD-1001,P03,617,2026-09-24 06:00:00,2026-09-25 06:00:00,COMPLETED,2026-09-25 01:00:16
PO-20260924-P03-1002,PRD-1002,P03,1282,2026-09-24 06:00:00,2026-09-25 06:00:00,COMPLETED,2026-09-25 01:00:17
PO-20260924-P03-1003,PRD-1003,P03,1142,2026-09-24 06:00:00,2026-09-25 06:00:00,COMPLETED,2026-09-25 01:00:18
PO-20260924-P03-1004,PRD-1004,P03,1198,2026-09-24 06:00:00,2026-09-25 06:00:00,COMPLETED,2026-09-25 01:00:19
PO-20260924-P03-1005,PRD-1005,P03,963,2026-09-24 06:00:00,2026-09-25 06:00:00,COMPLETED,2026-09-25 01:00:20
PO-20260924-P03-1006,PRD-1006,P03,1284,2026-09-24 06:00:00,2026-09-25 06:00:00,COMPLETED,2026-09-25 01:00:21
PO-20260924-P03-1007,PRD-1007,P03,1825,2026-09-24 06:00:00,2026-09-25 06:00:00,COMPLETED,2026-09-25 01:00:22
PO-20260924-P03-1008,PRD-1008,P03,907,2026-09-24 06:00:00,2026-09-25 06:00:00,COMPLETED,2026-09-25 01:00:23
