id,type,title,description,raised_by,date_raised,owner,priority,status,due_date,next_action_or_resolution,linked_items,jira_key,last_updated
R-13,Risk,Pen test / InfoSec sign-off late,"See risk register. Pen-test slot requested 2026-08-25, still unconfirmed; would block go-live",Data architect,2026-08-04,Data architect,High,Open - escalated,2026-10-10,Escalated to CISO office 2026-09-29; on steering committee agenda 2026-10-02,D-05,NFMFG-213,2026-09-29
R-16,Risk,UAT testers unavailable in Nov,See risk register,Programme manager,2026-08-25,Programme manager,High,Open,2026-10-15,Business to name 6 testers (A-04),A-04,NFMFG-216,2026-09-29
R-17,Risk,Users distrust KPIs vs legacy Excel,See risk register,Business analyst,2026-08-25,Business analyst,Medium,Open,2026-12-18,Parallel-run plan drafted; variance log template agreed,DEC-03,NFMFG-217,2026-09-29
R-04,Risk,Oracle watermark misses deletes / untriggered updates,See risk register - partly materialised as I-03,Data architect,2026-06-09,Data architect,Medium,Open,2026-10-31,Weekly key-compare job in Sprint 10,"I-03; D-04",NFMFG-204,2026-09-29
A-01,Assumption,MES timestamps are UTC,All DATETIME2 columns in MES are stored in UTC,Business analyst,2026-06-04,MES DBA,Medium,Validated - closed,2026-06-19,"Confirmed by MES DBA 2026-06-18 (server + app config). Recorded in ICD §1",,NFMFG-301,2026-06-18
A-02,Assumption,ERP LAST_UPDATE_DATE is set on every change,Trigger maintains LAST_UPDATE_DATE for all inserts/updates,Data architect,2026-06-09,ERP team lead,High,Invalid - closed,2026-06-26,"Trigger confirmed, BUT nightly bulk price loader disables triggers -> assumption false for UNIT_COST. Raised as I-03",I-03,NFMFG-302,2026-09-08
A-03,Assumption,IoT volume ~600 events/s average,"~40 machines x 4 sensors; peak 3,000/s",OT integrator,2026-06-11,OT integrator,Medium,Validated - closed,2026-08-15,Load test by OT integrator 2026-08-14: avg 540/s peak 2600/s,,NFMFG-303,2026-08-14
A-04,Assumption,Business provides 6 UAT testers for 3 weeks,"2 per plant, available 11-16 to 12-04, ~50% time",Programme manager,2026-08-25,VP Operations,High,Open,2026-10-15,Names requested at steering committee 2026-09-18; reminder sent 2026-09-29,R-16,NFMFG-304,2026-09-29
A-05,Assumption,Snowflake contract covers extra ~300 credits/month,Existing enterprise contract has headroom,Data architect,2026-06-23,FinOps,Medium,Validated - closed,2026-07-15,FinOps confirmed headroom 2026-07-15; resource monitor at 300,R-09,NFMFG-305,2026-07-15
A-06,Assumption,Fabric/Premium capacity (F64) available for the model,,BI lead,2026-06-23,Power BI admin,Medium,Validated - closed,2026-07-10,Workspace assigned to shared F64,R-20,NFMFG-306,2026-07-10
A-07,Assumption,Supplier file layout stays v1 until go-live,Suppliers will not change CSV columns before 2026-12-07,Business analyst,2026-07-01,Procurement,Low,Open,2026-12-07,Procurement to notify us of any layout change 10 working days ahead (ICD §4),,NFMFG-307,2026-09-15
A-08,Assumption,Finance accepts production day = shift start date,C shift (22:00-06:00) counted on its start date,Business analyst,2026-07-02,Finance controller,High,Validated - closed,2026-07-17,Agreed in KPI workshop; recorded as DEC-03,DEC-03,NFMFG-308,2026-07-17
I-01,Issue,Firewall blocks SHIR -> MES-SQL01:1433,Dev ingestion from MES impossible; 2 sprints of ingestion work at risk,Data engineer,2026-07-06,Platform lead,High,Closed,2026-07-17,"Firewall rule FW-1182 applied 2026-07-20. Impact: 2 weeks; recovered by building silver on synthetic data meanwhile",R-01; D-01,NFMFG-401,2026-07-20
I-02,Issue,0.5% of MES runs have scrap > produced,Source data defect; rows quarantined daily (DQ-PL-02),Data engineer,2026-06-23,MES product owner,Medium,In progress,2026-11-15,MES vendor adding UI validation in release 4.2 (target 2026-11-15). Workaround: quarantine + weekly steward review,R-06,NFMFG-402,2026-09-22
I-03,Issue,ERP bulk price loader bypasses LAST_UPDATE_DATE,"Found in SIT dry run 2026-09-08: gold unit cost differed from ERP for 212 products -> reconciliation to ERP failed. Scrap cost would be wrong",Sr data engineer,2026-09-08,ERP team lead,High,In progress,2026-10-31,"ERP team changing loader to set LAST_UPDATE_DATE (ERP-889, D-04). Interim: ERP.PRODUCTS switched to daily FULL load (control table change, CR-007)","A-02; R-04; D-04",NFMFG-403,2026-09-29
I-04,Issue,CMMS API errors for page_size > 200,Spec says 500; API returns HTTP 500 above 200,Data engineer,2026-08-11,CMMS vendor,Low,Closed - workaround,2026-08-20,"Workaround: page_size=200 in control table. Vendor ticket CMMS-4471 open; no impact on SLA",R-11,NFMFG-404,2026-08-20
I-05,Issue,Snowflake publish fails in TEST (network policy),Publisher blocked by network policy; SIT of publish/Power BI blocked,Data engineer,2026-09-15,Platform lead,High,Open,2026-10-10,Waiting on NAT IPs (D-02 / NET-231). Publish verified in DEV meanwhile,"R-14; D-02",NFMFG-405,2026-09-29
I-06,Issue,P03 sensor gateways clock drift (up to 40 min late),Events beyond the 10-min watermark are excluded from minute aggregates -> anomaly minutes understated for P03,Data engineer,2026-09-17,OT integrator,Medium,In progress,2026-10-20,"OT enabling NTP on P03 gateways (OT-332). Late events retained in bronze; P03 days will be backfilled after fix",,NFMFG-406,2026-09-24
I-07,Issue,Key ADF engineer on unplanned leave (2 weeks),Ingestion velocity down ~40% in Sprint 7,Tech lead,2026-08-31,Tech lead,Medium,Closed,2026-09-14,Pairing rota covered; no milestone impact. Reinforced R-07 mitigation,R-07,NFMFG-407,2026-09-14
I-08,Issue,Plant-manager entitlement list not provided,Needed to configure RLS (Snowflake PLANT_ENTITLEMENT + Power BI role),BI lead,2026-09-22,VP Operations office,Medium,Open,2026-10-20,Template sent 2026-09-22; follow-up at steering committee 2026-10-02,,NFMFG-408,2026-09-29
D-01,Dependency,Network: firewall + private endpoints,NET-214 / FW-1182 for SHIR and ADLS/Key Vault private endpoints,Platform lead,2026-06-02,Network team,High,Delivered,2026-07-17,Delivered 2026-07-20 (3 days late),"R-01; I-01",NFMFG-501,2026-07-20
D-02,Dependency,Platform: Databricks NAT egress IPs to Snowflake,NET-231: static NAT IPs + Snowflake network policy update,Data architect,2026-08-18,Platform team,High,Open - late,2026-10-10,Escalated to platform manager 2026-09-29,"R-14; I-05",NFMFG-502,2026-09-29
D-03,Dependency,MES DBA: enable CDC in PROD,CHG-5521 in change window 2026-10-19 01:00-04:00,Sr data engineer,2026-07-15,MES DBA,High,Scheduled,2026-10-19,Change approved by CAB 2026-09-24; rollback = sp_cdc_disable_table,R-02,NFMFG-503,2026-09-24
D-04,Dependency,ERP team: bulk loader fix,ERP-889: loader must set LAST_UPDATE_DATE,Data architect,2026-09-08,ERP team,High,In progress,2026-10-31,In ERP team sprint ending 2026-10-24,"I-03; R-04",NFMFG-504,2026-09-29
D-05,Dependency,InfoSec: pen-test slot,SEC-77: external pen test of ADF/Databricks/Snowflake endpoints before go-live,Data architect,2026-08-25,InfoSec,High,Requested - unconfirmed,2026-10-10,Escalated to CISO office 2026-09-29,R-13,NFMFG-505,2026-09-29
D-06,Dependency,CMMS vendor: PROD OAuth client,Client credentials for production tenant,Data engineer,2026-07-27,CMMS vendor,Medium,Delivered,2026-09-01,Delivered 2026-09-02; secret stored in Key Vault (cmms-client-secret),,NFMFG-506,2026-09-02
D-07,Dependency,Power BI admin: SP allowed to call APIs,Tenant setting for service principal (event-driven refresh),BI lead,2026-09-08,Power BI admin,Medium,Open,2026-10-24,Request PBI-118 raised; security group sg-pbi-api-sp created,,NFMFG-507,2026-09-22
D-08,Dependency,Suppliers move to SFTP drop,All 3 suppliers deliver via SFTP -> ADLS landing (not e-mail),Business analyst,2026-07-01,Procurement,Medium,In progress,2026-11-01,2 of 3 suppliers live; SUP-03 onboarding 2026-10-12,,NFMFG-508,2026-09-29
DEC-01,Decision,ADF extracts; Databricks transforms,See ADR-01 (doc 14),Data architect,2026-07-10,Architecture review board,High,Approved,2026-07-10,Recorded in decision log,,NFMFG-601,2026-07-10
DEC-02,Decision,Oracle via LAST_UPDATE_DATE watermark (no GoldenGate in phase 1),See ADR-02; residual risk R-04 accepted by sponsor,Data architect,2026-07-10,Business sponsor,High,Approved,2026-07-10,Revisit for phase 2 if I-03-type issues recur,"R-04; I-03",NFMFG-602,2026-09-08
DEC-03,Decision,KPI glossary v1.0 baselined (incl. production day),OEE formula + production day = shift start,Business analyst,2026-07-17,VP Operations,High,Approved,2026-07-17,Signed off in KPI workshop,"R-05; A-08",NFMFG-603,2026-07-17
DEC-04,Decision,Interim full load for ERP.PRODUCTS,Change control-table load_type to ORACLE_FULL until ERP-889 ships (CR-007),Sr data engineer,2026-09-10,Data architect,Medium,Approved,2026-09-10,Revert to watermark after D-04 delivered,"I-03; D-04",NFMFG-604,2026-09-10
