risk_id,date_raised,raised_by,phase,category,title,description_cause_event_effect,likelihood_inherent,impact_inherent,score_inherent,rating_inherent,response,mitigation_actions,contingency_plan,trigger_early_warning,owner,likelihood_current,impact_current,score_current,rating_current,trend,target_date,status,last_reviewed,linked_items,jira_key
R-01,2026-06-02,Data architect,Pre-project,Access / infra,Source connectivity approvals late,"On-prem network changes need CAB (3-4 wks) -> SHIR firewall rules + private endpoints late -> no source connectivity for build",4,4,16,Critical,Mitigate,"Raise NET tickets in week 1; build against synthetic data; weekly chase with network lead","Extract via DBA-provided files for SIT if still blocked by 2026-08-01","NET ticket not approved by 2026-06-30",Platform lead,,,,,Closed,2026-07-20,Closed,2026-07-21,"I-01; D-01",NFMFG-201
R-02,2026-06-02,Sr data engineer,Pre-project,Source system,CDC cannot be enabled on MES prod,"SQL Agent/CDC needs sysadmin + change window -> CDC not enabled in time -> no deletes, full loads only",3,5,15,High,Mitigate,"CDC in ICD (doc 03); prove on MES QA; book prod window","Watermark on modified_at + weekly full compare",MES QA enablement not done by 2026-07-15,Sr data engineer,,,,,Closed,2026-07-15,Closed,2026-07-15,D-03,NFMFG-202
R-03,2026-06-09,Sr data engineer,Pre-project,Data loss,CDC retention shorter than an outage (LSN gap),"Retention 3 days -> outage > 3 days (e.g. holiday weekend) -> changes purged before extraction -> silent loss of updates/deletes",3,5,15,High,Mitigate,"Retention 7 days; LSN-gap check throws; SHIR offline alert; runbook procedure","Full reload + audited watermark reset (TROUBLESHOOTING #3)",Any extraction lag > 48 h,Sr data engineer,1,4,4,Low,Down,2026-08-30,Monitoring,2026-09-29,,NFMFG-203
R-04,2026-06-09,Data architect,Pre-project,Data correctness,Oracle watermark misses deletes / untriggered updates,"LAST_UPDATE_DATE watermark -> hard deletes or updates that bypass the trigger are invisible -> gold differs from ERP",3,4,12,High,Mitigate + accept residual,"ICD: soft deletes only; weekly key compare job; reconciliation to ERP totals in SIT","Weekly full load of affected table",Any SIT reconciliation variance vs ERP,Data architect,2,3,6,Medium,Down,2026-10-31,Open,2026-09-29,"I-03; D-04",NFMFG-204
R-05,2026-06-03,Business analyst,Pre-project,Requirements,KPI definitions disputed,"Plants and finance define OEE / production day differently -> no agreed definition -> rework, no UAT sign-off",4,4,16,Critical,Avoid,"KPI glossary workshop; VP Ops sign-off before build (DEC-03)",Escalate to COO,Glossary not signed by 2026-07-17,Business analyst,,,,,Closed,2026-07-17,Closed,2026-07-17,DEC-03,NFMFG-205
R-06,2026-06-16,Data engineer,Discovery,Data quality,Source data quality worse than assumed,"Profiling shows invalid rows -> high quarantine volumes -> incomplete KPIs",4,3,12,High,Mitigate,"Profiling; quarantine + stewards; source fixes via MES vendor",Publish with DQ caveat banner,Quarantine rate > 2% of daily rows,Data steward (quality),3,2,6,Medium,Flat,2026-11-15,Monitoring,2026-09-29,I-02,NFMFG-206
R-07,2026-06-16,Tech lead,Discovery,People,Key-person dependency,"One engineer holds ADF framework + MES schema knowledge -> absence stops ingestion work",3,4,12,High,Mitigate,"Pairing rota; LLDs; recorded walkthroughs",Contractor backfill from vendor bench,Single reviewer on > 50% of ingestion PRs,Tech lead,2,2,4,Low,Down,2026-10-30,Open,2026-09-29,I-07,NFMFG-207
R-08,2026-06-20,Programme manager,Discovery,Scope,Scope creep,"Requests for recipes / process parameters / ML -> unplanned work -> build overrun",4,3,12,High,Mitigate,"Change request process (doc 12); phase-2 backlog; product owner prioritisation",De-scope lowest-value report page,> 2 CRs accepted per sprint,Programme manager,2,2,4,Low,Down,2026-12-07,Monitoring,2026-09-29,"CR-004; CR-006",NFMFG-208
R-09,2026-07-06,BI lead,Build,Cost,Snowflake credit overrun,"DirectQuery on large facts -> query per visual -> credits exceed budget",3,3,9,Medium,Mitigate,"DirectQuery only on small views; resource monitor 80/100%; Import model",Suspend DQ pages; switch to Import,Monthly credits > 80% by day 20,BI lead,2,2,4,Low,Down,2026-11-30,Monitoring,2026-09-29,,NFMFG-209
R-10,2026-07-27,Sr data engineer,Build,Performance,Backfill skew exceeds window,"~40 machine keys + 10x readings on presses -> straggler tasks in sensor x run join -> 1-year backfill overruns weekend window",4,3,12,High,Mitigate,"Salting in backfill mode; date partitions; dedicated backfill cluster",Backfill in monthly slices over 2 weekends,PT-01 max task time > 10x median,Sr data engineer,2,2,4,Low,Down,2026-10-14,Monitoring,2026-09-29,PT-01,NFMFG-210
R-11,2026-07-27,Data engineer,Build,Vendor,CMMS API limits / unannounced changes,"Vendor rate limits or changes response -> extraction fails or misses fields",3,3,9,Medium,Mitigate,"Retries + throttling; contract test vs sandbox; notice period in ICD",Manual CSV export from CMMS for affected days,Any 4xx/5xx rate > 1% per run,Data engineer,2,2,4,Low,Flat,2026-11-30,Open,2026-09-29,I-04,NFMFG-211
R-12,2026-07-29,Data architect,Build,Compliance,Personal data in MES free text,"Operators type names into comment fields -> personal data lands in lake -> GDPR exposure",2,5,10,High,Avoid,"Exclude free-text columns; pseudonymous ids only; InfoSec review",Purge + incident process,Column added to extraction without review,Data architect,1,3,3,Low,Closed,2026-08-12,Closed,2026-08-12,,NFMFG-212
R-13,2026-08-04,Data architect,Build -> Go-live,Security,Pen test / InfoSec sign-off late,"Pen-test slots scarce in Q4 -> no sign-off -> go-live blocked",3,4,12,High,Mitigate,"Security design approved early; slot requested 2026-08-25; escalated to CISO office 2026-09-29","Go-live with read-only scope + pen test in hypercare (needs CISO waiver)",Slot not confirmed by 2026-10-10,Data architect,3,4,12,High,Up,2026-10-10,Open - escalated,2026-09-29,D-05,NFMFG-213
R-14,2026-08-18,Platform lead,Build,Dependency,Snowflake network policy needs NAT IPs,"Platform team backlog -> NAT egress IPs not provided -> publish to Snowflake blocked in test",3,3,9,Medium,Mitigate,"NET-231 escalated; validate publish in dev",Temporary allow-list via Snowflake admin (time-boxed),NET-231 not done by 2026-10-10,Platform lead,2,2,4,Low,Flat,2026-10-10,Open,2026-09-29,"I-05; D-02",NFMFG-214
R-15,2026-08-18,QA lead,Build,Test,Test data not production-like,"Test env holds weeks not years of data -> performance issues only visible in UAT/prod",3,4,12,High,Mitigate,"Synthetic generator at 1-year scale; masked prod copy request (SEC approval)",Extend SIT by 1 week for perf fixes,PT-01 not executed by 2026-10-16,QA lead,2,3,6,Medium,Down,2026-10-16,Open,2026-09-29,PT-01,NFMFG-215
R-16,2026-08-25,Programme manager,Go-live,People,UAT testers unavailable,"Quarter/month-end in Nov-Dec -> business testers unavailable -> UAT slips -> go-live slips",4,4,16,Critical,Mitigate,"UAT booked 11-16 to 12-04 avoiding month-end week; 6 named testers requested (A-04)",Move go-live to 2027-01-11,Tester names not confirmed by 2026-10-15,Programme manager,3,3,9,Medium,Down,2026-10-15,Open,2026-09-29,A-04,NFMFG-216
R-17,2026-08-25,Business analyst,Go-live,Adoption,Users distrust new KPIs vs legacy Excel,"Legacy Excel uses different rules -> numbers differ -> users reject platform",4,4,16,Critical,Mitigate,"2-week parallel run; variance explanation log; published definitions; plant champions",Extend parallel run 2 more weeks,Unexplained variance > 1% on any plant KPI,Business analyst,3,2,6,Medium,Down,2026-12-18,Open,2026-09-29,DEC-03,NFMFG-217
R-18,2026-09-08,Service owner,Go-live,Operations,Support not ready at hypercare exit,"KT incomplete -> L2 cannot run reruns / resets -> dev team stuck on support",3,3,9,Medium,Mitigate,"KT plan + reverse KT + runbook (doc 13)",Extend hypercare 2 weeks,Reverse KT checklist < 80% by 2027-01-04,Service owner,2,2,4,Low,Flat,2027-01-08,Open,2026-09-29,,NFMFG-218
R-19,2026-09-08,Tech lead,Run,Technology,Runtime/library deprecation,"DBR / connector versions deprecated during project -> forced upgrade + retest",2,3,6,Medium,Accept,"LTS runtime 15.4; Dependabot; quarterly review",Planned upgrade sprint,Deprecation notice for DBR 15.4,Tech lead,2,3,6,Medium,Flat,2027-03-31,Accepted,2026-09-29,,NFMFG-219
R-20,2026-09-15,BI lead,Run,Capacity,Power BI capacity contention,"Shared capacity busy at 06:00 -> refresh throttled -> slow / late reports",3,3,9,Medium,Mitigate,"Event-driven refresh; incremental refresh; Capacity Metrics monitoring",Move refresh to dedicated capacity,Refresh duration > 30 min twice in a week,BI lead,2,2,4,Low,Flat,2026-11-30,Open,2026-09-29,,NFMFG-220
